<?xml version="1.0" encoding="UTF-8"?>
<!-- 属性描述 scan：性设置为true时，配置文件如果发生改变，将会被重新加载，默认值为true scanPeriod:设置监测配置文件是否有修改的时间间隔，
    如果没有给出时间单位，默认单位是毫秒。当scan为true时，此属性生效。默认的时间间隔为1分钟。
    debug:当此属性设置为true时，将打印出logback内部日志信息，实时查看logback运行状态。默认值为false。 -->
<configuration scan="true" scanPeriod="60 seconds" debug="false">

    <!-- 定义日志文件 输出位置 -->
    <property name="LOG_DIR" value="../logs"/>
    <!-- 日志文件保留月数 -->
    <property name="MAX_HISTORY" value="1"/>
    <!-- 日志文件大小上限 -->
    <property name="MAX_FILE_SIZE" value="100MB"/>
    <!-- 日志输出格式 -->
    <property name="LOG_PATTERN" value="%d{yyyy-MM-dd HH:mm:ss.SSS} %level [%thread] %property{HOSTNAME} %logger{36}:%line - %msg%n"/>
    <!-- 日志开始下标 -->
    <property name="MIN_INDEX" value="0"/>
    <!-- 日志结束下标 -->
    <property name="MAX_INDEX" value="10"/>
    <!-- ConsoleAppender 控制台输出日志 -->
    <appender name="STDOUT" class="ch.qos.logback.core.ConsoleAppender">
        <encoder>
            <pattern>%d{HH:mm:ss.SSS} %-5level [%thread] %replace(%caller{1}){'Caller\+0\s+|at\s|\n', ''} - %msg%n</pattern>
        </encoder>
    </appender>

    <!-- 所有级别日志 appender -->
    <appender name="ALL" class="ch.qos.logback.core.rolling.RollingFileAppender">
        <file>${LOG_DIR}/ALL.log</file>
        <rollingPolicy class="ch.qos.logback.core.rolling.FixedWindowRollingPolicy">
            <fileNamePattern>${LOG_DIR}/all-log-%i.zip</fileNamePattern>
            <minIndex>${MIN_INDEX}</minIndex>
            <maxIndex>${MAX_INDEX}</maxIndex>
        </rollingPolicy>
        <triggeringPolicy class="ch.qos.logback.core.rolling.SizeBasedTriggeringPolicy">
            <maxFileSize>${MAX_FILE_SIZE}</maxFileSize>
        </triggeringPolicy>
        <encoder>
            <pattern>${LOG_PATTERN}</pattern>
        </encoder>
    </appender>

    <!-- ERROR级别日志 -->
    <appender name="ERROR" class="ch.qos.logback.core.rolling.RollingFileAppender">
        <file>${LOG_DIR}/ERROR.log</file>
        <!-- 只记录ERROR级别的日志 -->
        <filter class="ch.qos.logback.classic.filter.LevelFilter">
            <level>ERROR</level>
            <onMatch>ACCEPT</onMatch>
            <onMismatch>DENY</onMismatch>
        </filter>
        <rollingPolicy class="ch.qos.logback.core.rolling.FixedWindowRollingPolicy">
            <fileNamePattern>${LOG_DIR}/error-log-%i.zip</fileNamePattern>
            <minIndex>${MIN_INDEX}</minIndex>
            <maxIndex>${MAX_INDEX}</maxIndex>
        </rollingPolicy>
        <triggeringPolicy class="ch.qos.logback.core.rolling.SizeBasedTriggeringPolicy">
            <maxFileSize>${MAX_FILE_SIZE}</maxFileSize>
        </triggeringPolicy>
        <encoder>
            <pattern>${LOG_PATTERN}</pattern>
        </encoder>
    </appender>


    <!-- dubbo appender -->
    <appender name="DUBBO" class="ch.qos.logback.core.rolling.RollingFileAppender">
        <file>${LOG_DIR}/DUBBO.log</file>
        <rollingPolicy class="ch.qos.logback.core.rolling.FixedWindowRollingPolicy">
            <fileNamePattern>${LOG_DIR}/dubbo-log-%i.zip</fileNamePattern>
            <minIndex>${MIN_INDEX}</minIndex>
            <maxIndex>${MAX_INDEX}</maxIndex>
        </rollingPolicy>
        <triggeringPolicy class="ch.qos.logback.core.rolling.SizeBasedTriggeringPolicy">
            <maxFileSize>${MAX_FILE_SIZE}</maxFileSize>
        </triggeringPolicy>
        <encoder>
            <pattern>${LOG_PATTERN}</pattern>
        </encoder>
    </appender>

    <logger name="org.apache.zookeeper.ClientCnxn">
        <level value="ERROR"/>
    </logger>
    <logger name="org.soul">
        <level value="${OWNER_LEVEL}"/>
    </logger>
    <logger name="so.wwb.gamebox">
        <level value="${OWNER_LEVEL}"/>
    </logger>
    <logger name="com.alibaba.dubbo" level="WARN">
        <appender-ref ref="STDOUT"/>
        <appender-ref ref="DUBBO"/>
    </logger>

    <!-- root级别 -->
    <root level="${ROOT_LEVEL}">
        <!-- 控制台输出 -->
        <appender-ref ref="STDOUT"/>
        <!-- 文件输出 -->
        <!--<appender-ref ref="ERROR"/>-->
        <appender-ref ref="ALL"/>
    </root>
</configuration>